id,name,model_id:id,group_id:id,perm_read,perm_write,perm_create,perm_unlink
access_project_template,Project.template,model_project_template,project.group_project_user,1,0,0,0
access_project_template_manager,Project.template,model_project_template,project.group_project_manager,1,1,1,1

access_project_task_template,project.task.template,model_project_task_template,project.group_project_user,1,0,0,0
access_project_task_template_manager,project.task.template,model_project_task_template,project.group_project_manager,1,1,1,1

access_project_details,Project.details,model_project_details,project.group_project_user,1,0,0,0
access_project_details_manager,Project.details,model_project_details,project.group_project_manager,1,1,1,1

